payment_type,avg_value
credit_card,163.31902063936454
boleto,145.03443540234534
debit_card,142.57017004578157
voucher,65.70335411255411
not_defined,0.0
